"first_name","last_name","times"
"Eleanor","Hunt","45"
"Karl","Seal","42"
"Clara","Shaw","40"
"Tammy","Sanders","39"
"Marcia","Dean","39"
"Marion","Snyder","39"
"Curtis","Irby","38"
"Rhonda","Kennedy","38"
"Tommy","Collazo","37"
"Brandon","Huey","36"
"Russell","Brinson","35"
"Angela","Hernandez","35"
"Wesley","Bull","35"
"Elizabeth","Brown","35"
"Tim","Cary","34"
"Roger","Quintanilla","34"
"Melissa","King","34"
"Lois","Butler","34"
"Louis","Leone","34"
"Martha","Gonzalez","34"
"Carrie","Porter","34"
"Marsha","Douglas","34"
"Alexander","Fennell","33"
"Ana","Bradley","33"
"Janice","Ward","33"
"Stacey","Montgomery","33"
"Margie","Wade","33"
"Justin","Ngo","33"
"Mike","Way","33"
"Heidi","Larson","32"
"Casey","Mena","32"
"Hazel","Warren","32"
"Ralph","Madrigal","32"
"Joanne","Robertson","32"
"Bobby","Boudreau","32"
"Jacqueline","Long","32"
"Sue","Peters","32"
"Michelle","Clark","32"
"Steve","Mackenzie","32"
"Elsie","Kelley","32"
"Morris","Mccarter","32"
"June","Carroll","32"
"Regina","Berry","32"
"Harold","Martino","32"
"Alex","Gresham","32"
"Helen","Harris","32"
"Jessica","Hall","32"
"Arnold","Havens","32"
"Catherine","Campbell","31"
"Sherry","Marshall","31"
"Gordon","Allard","31"
"Warren","Sherrod","31"
"Nathan","Runyon","31"
"Alma","Austin","31"
"Shawn","Heaton","31"
"Harry","Arce","31"
"Ethel","Webb","31"
"Rosemary","Schmidt","31"
"Nicholas","Barfield","31"
"Neil","Renner","31"
"Joy","George","31"
"Jorge","Olivares","31"
"Lori","Wood","31"
"Guy","Brownlee","31"
"Debbie","Reyes","31"
"Tanya","Gilbert","31"
"Mitchell","Westmoreland","31"
"Jessie","Milam","30"
"Marjorie","Tucker","30"
"Maxine","Silva","30"
"Judith","Cox","30"
"Duane","Tubbs","30"
"Virginia","Green","30"
"Marilyn","Ross","30"
"Sara","Perry","30"
"Leonard","Schofield","30"
"Mary","Smith","30"
"Viola","Hanson","30"
"Shirley","Allen","30"
"Jeff","East","30"
"Christy","Vargas","30"
"Alice","Stewart","30"
"Brett","Cornwell","30"
"Arthur","Simpkins","30"
"Jim","Rea","30"
"Diane","Collins","30"
"Cynthia","Young","30"
"Ella","Oliver","30"
"Ramon","Choate","30"
"Barry","Lovelace","30"
"Grace","Ellis","30"
"Lena","Jensen","30"
"Bernice","Willis","30"
"Ryan","Salisbury","30"
"Thelma","Murray","30"
"Crystal","Ford","30"
"Veronica","Stone","30"
"Sylvia","Ortiz","30"
"Carolyn","Perez","29"
"Leroy","Bustamante","29"
"Zachary","Hite","29"
"Darlene","Rose","29"
"George","Linton","29"
"Billy","Poulin","29"
"Marc","Outlaw","29"
"Glenda","Frazier","29"
"Cathy","Spencer","29"
"Stanley","Scroggins","29"
"Gerald","Fultz","29"
"Terrence","Gunderson","29"
"Tom","Milner","29"
"Jordan","Archuleta","29"
"Holly","Fox","29"
"Julia","Flores","29"
"Terrance","Roush","29"
"Lawrence","Lawton","29"
"Tonya","Chapman","29"
"Kyle","Spurlock","29"
"Debra","Nelson","29"
"Philip","Causey","29"
"Gladys","Hamilton","29"
"Sally","Pierce","29"
"Javier","Elrod","28"
"Wanda","Patterson","28"
"Juanita","Mason","28"
"Ruby","Washington","28"
"Tracy","Cole","28"
"Jennie","Terry","28"
"Rosa","Reynolds","28"
"Todd","Tan","28"
"Kathy","James","28"
"Leslie","Seward","28"
"Esther","Crawford","28"
"Jeffery","Pinson","28"
"Minnie","Romero","28"
"Jimmy","Schrader","28"
"Roy","Whiting","28"
"Everett","Banda","28"
"Charles","Kowalski","28"
"Craig","Morrell","28"
"Theodore","Culp","28"
"Alvin","Deloach","28"
"Jimmie","Eggleston","28"
"Erik","Guillen","28"
"Gertrude","Castillo","28"
"Daisy","Bates","28"
"Byron","Box","28"
"Florence","Woods","28"
"Priscilla","Lowe","28"
"Herman","Devore","28"
"Marcus","Hidalgo","28"
"Joe","Gilliland","28"
"Angel","Barclay","28"
"Julie","Sanchez","28"
"Maria","Miller","28"
"Clyde","Tobias","28"
"Jaime","Nettles","27"
"Gina","Williamson","27"
"Jamie","Rice","27"
"Karen","Jackson","27"
"Bill","Gavin","27"
"Troy","Quigley","27"
"Dave","Gardiner","27"
"Deborah","Walker","27"
"Naomi","Jennings","27"
"Miguel","Betancourt","27"
"Ted","Breaux","27"
"Bessie","Morrison","27"
"Erin","Dunn","27"
"Brittany","Riley","27"
"Roberto","Vu","27"
"Cindy","Fisher","27"
"Monica","Hicks","27"
"Derek","Blakely","27"
"Clifford","Bowens","27"
"Audrey","Ray","27"
"Salvador","Teel","27"
"Randy","Gaither","27"
"Marion","Ocampo","27"
"Hilda","Hopkins","27"
"Sharon","Robinson","27"
"Patsy","Davidson","27"
"Daryl","Larue","27"
"Julian","Vest","27"
"Wendy","Harrison","27"
"Diana","Alexander","27"
"Kent","Arsenault","27"
"Manuel","Murrell","27"
"Mario","Cheatham","27"
"Michele","Grant","27"
"Gilbert","Sledge","27"
"Amber","Dixon","27"
"Sarah","Lewis","27"
"Lucille","Holmes","27"
"Lynn","Payne","27"
"Theresa","Watson","27"
"Ken","Prewitt","27"
"Terri","Vasquez","27"
"Alfred","Casillas","26"
"Patricia","Johnson","26"
"Hector","Poindexter","26"
"Earl","Shanks","26"
"Cecil","Vines","26"
"Howard","Fortner","26"
"Andre","Rapp","26"
"Ross","Grey","26"
"Teresa","Rogers","26"
"Terry","Carlson","26"
"Janet","Phillips","26"
"Eddie","Tomlin","26"
"Kristin","Johnston","26"
"Brenda","Wright","26"
"Bradley","Motley","26"
"Nora","Herrera","26"
"Greg","Robins","26"
"Sherri","Rhodes","26"
"Dana","Hart","26"
"Michael","Silverman","26"
"Evelyn","Morgan","26"
"Amanda","Carter","26"
"Gloria","Cook","26"
"Amy","Lopez","26"
"Denise","Kelly","26"
"Courtney","Day","26"
"Dale","Ratcliff","26"
"Tina","Simmons","26"
"Dean","Sauer","26"
"Clifton","Malcolm","26"
"Victoria","Gibson","26"
"Stephen","Qualls","26"
"John","Farnsworth","26"
"Maurice","Crawley","26"
"Jeanne","Lawson","26"
"Carla","Gutierrez","26"
"Nancy","Thomas","26"
"Alan","Kahn","25"
"Gwendolyn","May","25"
"Melanie","Armstrong","25"
"Nathaniel","Adam","25"
"Yolanda","Weaver","25"
"Virgil","Wofford","25"
"Josephine","Gomez","25"
"Pauline","Henry","25"
"Carole","Barnett","25"
"Tamara","Nguyen","25"
"Rick","Mattox","25"
"Melvin","Ellington","25"
"Matthew","Mahan","25"
"Valerie","Black","25"
"Allison","Stanley","25"
"Mabel","Holland","25"
"Gabriel","Harder","25"
"Reginald","Kinder","25"
"Christopher","Greco","25"
"Clarence","Gamez","25"
"Dustin","Gillette","25"
"Claudia","Fuller","25"
"Ellen","Simpson","25"
"Ashley","Richardson","25"
"Francis","Sikes","25"
"Tracy","Herrmann","25"
"Martin","Bales","25"
"Lee","Hawks","25"
"Jennifer","Davis","25"
"Jeremy","Hurtado","25"
"Jay","Robb","25"
"Stephanie","Mitchell","25"
"Charlene","Alvarez","25"
"Carmen","Owens","25"
"Willie","Howell","25"
"Sandra","Martin","25"
"Lucy","Wheeler","25"
"Ian","Still","25"
"Megan","Palmer","25"
"Vickie","Brewer","25"
"Raymond","Mcwhorter","25"
"Dolores","Wagner","25"
"Kathleen","Adams","25"
"Ivan","Cromwell","25"
"Myrtle","Fleming","24"
"Geraldine","Perkins","24"
"Sergio","Stanfield","24"
"Dorothy","Taylor","24"
"Bryan","Hardison","24"
"Annette","Olson","24"
"Renee","Lane","24"
"Jean","Bell","24"
"Cheryl","Murphy","24"
"Isaac","Oglesby","24"
"Suzanne","Nichols","24"
"Dianne","Shelton","24"
"Chad","Carbone","24"
"Linda","Williams","24"
"Rebecca","Scott","24"
"Tyrone","Asher","24"
"Gene","Sanborn","24"
"Olga","Jimenez","24"
"Edward","Baugh","24"
"Darrell","Power","24"
"Heather","Morris","24"
"Sidney","Burleson","24"
"Rene","Mcalister","24"
"Norman","Currier","24"
"Charlie","Bess","24"
"Jessie","Banks","24"
"Ronnie","Ricketts","24"
"Kelly","Knott","24"
"Micheal","Forman","24"
"Clinton","Buford","24"
"Gail","Knight","24"
"Beth","Franklin","24"
"Walter","Perryman","24"
"Brad","Mccurdy","24"
"Perry","Swafford","24"
"Andy","Vanhorn","24"
"Jerry","Jordon","24"
"Violet","Rodriquez","24"
"Lillian","Griffin","24"
"Cory","Meehan","24"
"Seth","Hannon","24"
"Kathryn","Coleman","24"
"Velma","Lucas","24"
"Arlene","Harvey","24"
"Elmer","Noe","24"
"Phillip","Holm","24"
"Joyce","Edwards","24"
"Tracey","Barrett","23"
"Eduardo","Hiatt","23"
"Robin","Hayes","23"
"Milton","Howland","23"
"Max","Pitt","23"
"Keith","Rico","23"
"Ramona","Hale","23"
"Ricky","Shelby","23"
"Beatrice","Arnold","23"
"Miriam","Mckinney","23"
"Georgia","Jacobs","23"
"Glen","Talbert","23"
"Patrick","Newsom","23"
"Lillie","Kim","23"
"Jane","Bennett","23"
"Constance","Reid","23"
"Don","Bone","23"
"Ben","Easter","23"
"Vincent","Ralston","23"
"Shelly","Watts","23"
"Douglas","Graf","23"
"Edgar","Rhoads","23"
"April","Burns","23"
"Susan","Wilson","23"
"Betty","White","23"
"Lisa","Anderson","23"
"Fernando","Churchill","23"
"Marlene","Welch","23"
"Kimberly","Lee","23"
"Jackie","Lynch","23"
"Frank","Waggoner","23"
"Shannon","Freeman","23"
"Emily","Diaz","23"
"Bertha","Ferguson","23"
"Roland","South","23"
"Sean","Douglass","23"
"Samantha","Duncan","23"
"Lydia","Burke","23"
"Jamie","Waugh","23"
"Jesus","Mccartney","23"
"Freddie","Duggan","23"
"Marshall","Thorn","23"
"Katie","Elliott","23"
"Felicia","Sutton","23"
"Jack","Foust","23"
"Judy","Gray","23"
"Peggy","Myers","23"
"Brandy","Graves","23"
"Calvin","Martel","23"
"Brent","Harkins","22"
"Elaine","Stevens","22"
"Willie","Markham","22"
"Gregory","Mauldin","22"
"Glenn","Pullen","22"
"Mildred","Bailey","22"
"Laurie","Lawrence","22"
"Chester","Benner","22"
"Shane","Millard","22"
"Felix","Gaffney","22"
"Sonia","Gregory","22"
"Colleen","Burton","22"
"Peter","Menard","22"
"Nicole","Peterson","22"
"Victor","Barkley","22"
"Jon","Wiles","22"
"Kristina","Chambers","22"
"Charlotte","Hunter","22"
"Beverly","Brooks","22"
"Danielle","Daniels","22"
"Becky","Miles","22"
"Ida","Andrews","22"
"Travis","Estep","22"
"Wade","Delvalle","22"
"Jesse","Schilling","22"
"Darren","Windham","22"
"Pedro","Chestnut","22"
"Deanna","Byrd","22"
"Christine","Roberts","22"
"Joshua","Mark","22"
"Stacy","Cunningham","22"
"Albert","Crouse","22"
"Benjamin","Varney","22"
"Eric","Robert","22"
"Natalie","Meyer","22"
"Johnnie","Chisholm","22"
"Barbara","Jones","22"
"Rita","Graham","22"
"Gary","Coy","22"
"Andrew","Purdy","22"
"Rodney","Moeller","22"
"Ron","Deluca","22"
"Louise","Jenkins","22"
"Wallace","Slone","22"
"Leo","Ebert","22"
"Vicki","Fields","22"
"Enrique","Forsythe","22"
"Dawn","Sullivan","22"
"Pearl","Garza","22"
"Bob","Pfeiffer","22"
"Christian","Jung","22"
"Joel","Francisco","22"
"Misty","Lambert","22"
"Sam","Mcduffie","22"
"Darryl","Ashcraft","22"
"Carl","Artis","21"
"Francisco","Skidmore","21"
"Maureen","Little","21"
"Erika","Pena","21"
"Andrea","Henderson","21"
"Anne","Powell","21"
"Clayton","Barbee","21"
"Marie","Turner","21"
"Billie","Horton","21"
"Fred","Wheat","21"
"Carlos","Coughlin","21"
"Ronald","Weiner","21"
"Irene","Price","21"
"Connie","Wallace","21"
"Franklin","Troutman","21"
"Dan","Paine","21"
"Agnes","Bishop","21"
"Juan","Fraley","21"
"Nina","Soto","21"
"Pamela","Baker","21"
"Bernard","Colby","21"
"Willard","Lumpkin","21"
"Leon","Bostic","21"
"Loretta","Carpenter","21"
"Cassandra","Walters","21"
"Joan","Cooper","21"
"Alberto","Henning","21"
"Bruce","Schwarz","21"
"Ernest","Stepp","21"
"Mae","Fletcher","21"
"James","Gannon","21"
"Samuel","Marlow","20"
"Mark","Rinehart","20"
"Ray","Houle","20"
"Erica","Matthews","20"
"Margaret","Moore","20"
"Claude","Herzog","20"
"Mattie","Hoffman","20"
"Kelly","Torres","20"
"Lance","Pemberton","20"
"Phyllis","Foster","20"
"Vivian","Ruiz","20"
"Harvey","Guajardo","20"
"Dwayne","Olvera","20"
"Mathew","Bolin","20"
"Bonnie","Hughes","20"
"Wilma","Richards","20"
"Hugh","Waldrop","20"
"Edwin","Burk","20"
"Alfredo","Mcadams","20"
"Leslie","Gordon","20"
"Kurt","Emmons","20"
"Lorraine","Stephens","20"
"Jacob","Lance","20"
"Cody","Nolen","20"
"Anna","Hill","20"
"Roberta","Harper","20"
"Adam","Gooch","20"
"Rose","Howard","20"
"Aaron","Selby","20"
"Chris","Brothers","20"
"Kim","Cruz","20"
"Dennis","Gilman","20"
"Richard","Mccrary","20"
"Randall","Neumann","20"
"Derrick","Bourque","20"
"Joseph","Joy","20"
"Jenny","Castro","20"
"Johnny","Turpin","19"
"Dora","Medina","19"
"Jason","Morrissey","19"
"Lewis","Lyman","19"
"Nellie","Garrett","19"
"Steven","Curley","19"
"Carol","Garcia","19"
"Tyler","Wren","19"
"David","Royal","19"
"Julio","Noland","19"
"Wayne","Truong","19"
"Norma","Gonzales","19"
"Tara","Ryan","19"
"Vanessa","Sims","19"
"Edna","West","19"
"Leah","Curtis","19"
"Terry","Grissom","19"
"Herbert","Kruger","19"
"Tony","Carranza","19"
"Alicia","Mills","19"
"Corey","Hauser","19"
"Larry","Thrasher","19"
"Rachel","Barnes","19"
"Laura","Rodriguez","19"
"Lloyd","Dowd","19"
"Ruben","Geary","19"
"Rafael","Abney","19"
"Thomas","Grigsby","19"
"Luis","Yanez","19"
"William","Satterfield","19"
"Marvin","Yee","19"
"Ricardo","Meador","19"
"Doris","Reed","19"
"Frances","Parker","19"
"Bobbie","Craig","19"
"Emma","Boyd","19"
"Stella","Moreno","19"
"Yvonne","Watkins","19"
"Scott","Shelley","18"
"Danny","Isom","18"
"Annie","Russell","18"
"Marian","Mendoza","18"
"Raul","Fortier","18"
"Donna","Thompson","18"
"Jeanette","Greene","18"
"Irma","Pearson","18"
"Austin","Cintron","18"
"Eileen","Carr","18"
"Ruth","Martinez","18"
"Timothy","Bunn","18"
"Adrian","Clary","18"
"Jose","Andrew","18"
"Armando","Gruber","18"
"Eva","Ramos","18"
"Eugene","Culpepper","18"
"Vera","Mccoy","18"
"Jared","Ely","17"
"Dwight","Lombardi","17"
"Lauren","Hudson","17"
"Jeffrey","Spear","17"
"Kirk","Stclair","17"
"Jill","Hawkins","17"
"Christina","Ramirez","17"
"Kevin","Schuler","17"
"Allen","Butterfield","17"
"Oscar","Aquino","17"
"Edith","Mcdonald","17"
"Paula","Bryant","17"
"Jonathan","Scarborough","17"
"Toni","Holt","17"
"Vernon","Chapa","17"
"Melinda","Fernandez","16"
"Nelson","Christenson","16"
"Delores","Hansen","16"
"Allan","Cornish","16"
"Lonnie","Tirado","16"
"Donald","Mahon","16"
"Frederick","Isbell","16"
"Kristen","Chavez","16"
"Henry","Billingsley","16"
"Penny","Neal","16"
"Floyd","Gandy","16"
"Jo","Fowler","15"
"Antonio","Meek","15"
"Lester","Kraus","15"
"Anthony","Schwab","15"
"Paul","Trout","15"
"Robert","Baughman","15"
"Joann","Gardner","15"
"Ann","Evans","14"
"Kenneth","Gooden","14"
"Sheila","Wells","14"
"Anita","Morales","14"
"Jerome","Kenyon","14"
"Kay","Caldwell","13"
"Caroline","Bowman","13"
"Daniel","Cabral","13"
"Katherine","Rivera","13"
"Tiffany","Jordan","12"
"Leona","Obrien","10"
"Brian","Wyman","7"
